name,age,salary,country
Peter,30,100,US
Steve,45,200,UK
Mark,20,50,Denmark
Edu,35,150,Netherlands
Sachin,30,100,US
Malcom,45,200,UK
Viv,20,50,Denmark
Edu,35,150,Netherlands
name,age,salary,country
Peter,30,100,US
Steve,45,200,UK
Mark,20,50,Denmark
Edu,35,150,Netherlands
name,age,salary,country
Peter,30,100,US
Steve,45,200,UK
Mark,20,50,Denmark
Edu,35,150,Netherlands
name,age,salary,country
Peter,30,100,US
Steve,45,200,UK
Mark,20,50,Denmark
Edu,35,150,Netherlands
name,age,salary,country
Peter,30,100,US
Steve,45,200,UK
Mark,20,50,Denmark
Edu,35,150,Netherlands